Data,UÅ¼ytkownik,TytuÅ‚,TreÅ›Ä‡,Punkty,Komentarze,Link
2025-06-05 15:36:32,kociol21,"""Lepiej siÄ™ nie szarpaÄ‡"". PO chce juÅ¼ wracaÄ‡ do opozycji",,35,64,https://www.reddit.com/r/Polska/comments/1l3zdtp/lepiej_siÄ™_nie_szarpaÄ‡_po_chce_juÅ¼_wracaÄ‡_do/
2025-06-04 15:35:49,idix1,WaÅ‚ek na wyborach,"https://preview.redd.it/dow9xhtbyw4f1.png?width=1474&format=png&auto=webp&s=855fbd449cb4f11c58d7181c60200822af2c3101

Znalezione na wykopie, wrzucam bardziej jako ciekawostkÄ™, a moÅ¼e ktoÅ› ma na to logiczne wytÅ‚umaczenie bo ja nie mam.  
[https://wybory.gov.pl/prezydent2025/pl/obkw/2/1479006](https://wybory.gov.pl/prezydent2025/pl/obkw/2/1479006)

W tej komisji z Krakowa mimo wyÅ¼szej frekwencji, mimo kilkuset gÅ‚osÃ³w na innych kandydatÃ³w, ktÃ³re w drugiej turze powinny w sporej czÄ™Å›ci przejÅ›Ä‡ na RafaÅ‚a, Trzaskowski otrzymaÅ‚ MNIEJ gÅ‚osÃ³w w drugiej turze niÅ¼ w pierwszej.

I to w okolicy gdzie zdecydowanie wygrywa Trzaskowski

https://preview.redd.it/l1p7z9kpxw4f1.png?width=1643&format=png&auto=webp&s=bef2ab4b6f751bc1d3d23df8a10ee3f309a770c8

Nie widzÄ™ logicznego wytÅ‚umaczenia takiej anomalii, ewidentnie to wyglÄ…da jakby celowo bÄ…dÅº przypadkiem gÅ‚osy na Nawrockiego i Trzaskowskiego zostaÅ‚y zamienione

**UPDATE:**  
ten przypadek zostaÅ‚ zgÅ‚oszony do UMK i czÅ‚onkowie komisji podobno przyznali siÄ™ do bÅ‚Ä™du

https://preview.redd.it/u55zz2y1kx4f1.png?width=745&format=png&auto=webp&s=1323780db90d871e78a547a0ea9fcee1ea348f13

Natomiast znalezione zostaÅ‚y dwa analogiczne przypadki

Olesno 3

https://preview.redd.it/g4rupzl5kx4f1.png?width=1677&format=png&auto=webp&s=54f1c11099f5deb47fa7b0344602501723466559

Tychy 35

https://preview.redd.it/ybyhx3s7kx4f1.png?width=2430&format=png&auto=webp&s=dad5a184b58634042b8fec1dc728ec61050f67d9

Takie wyniki sÄ… statystycznie praktycznie niemoÅ¼liwe, biorÄ…c pod uwagÄ™ jak globalnie wyglÄ…daÅ‚ przepÅ‚yw gÅ‚osÃ³w miÄ™dzy kandydatami

**UPDATE 2:**

Na wykopie jest temat pociÄ…gniÄ™ty dalej jak ktoÅ› ciekawy, takich anomalii jest duÅ¼o wiÄ™cej - [https://wykop.pl/link/7723039/czy-w-tej-komisji-wyniki-wpisano-odwrotnie-dane-pkw-wskazuja-na-anomalie](https://wykop.pl/link/7723039/czy-w-tej-komisji-wyniki-wpisano-odwrotnie-dane-pkw-wskazuja-na-anomalie)  
(moderatorze jeÅ›li popeÅ‚niam grzech z tym linkiem to proszÄ™ usuÅ„ link a nie caÅ‚y wÄ…tek xD)",582,125,https://www.reddit.com/r/Polska/comments/1l35qkc/waÅ‚ek_na_wyborach/
2025-06-04 09:43:26,ergo14,Nepotyzm trzyma siÄ™Â mocno.,,451,140,https://www.reddit.com/r/Polska/comments/1l2znpv/nepotyzm_trzyma_siÄ™_mocno/
2025-06-04 01:51:20,Sinneida,Czym powinna byÄ‡ dzisiaj lewica?,"Hej! Na fali ostatnich zawirowaÅ„ w mediach spoÅ‚ecznoÅ›ciowych po przegranej Trzaskowskiego i obserwowaniu wielu zadym na Twitterze i nawet tutaj, zebraÅ‚o mi siÄ™ w gÅ‚owie kilka przemyÅ›leÅ„ i luÅºnych idei tym inspirowanych jak w obecnej sytuacji powinna dziaÅ‚aÄ‡ lewica. Wydaje mi siÄ™, Å¼e dziÄ™ki temu lewica na nowo jest w stanie zaistnieÄ‡ w umysÅ‚ach PolakÃ³w i bÄ™dzie dawaÄ‡ tamÄ™ libkom i prawicy w wersji minimum, a w przyszÅ‚oÅ›ci rzÄ…dziÄ‡ - w wersji maksimum. Dajcie swoje propozycje, polemizujcie - dla dobra lewicowego sztandaru, mam nadziejÄ™, Å¼e ktoÅ› z kierownictwa Razem i Nowej Lewicy akurat to przeczyta i bÄ™dzie inspiracjÄ…. :P Zaczynamy!

**1. Musi zaistnieÄ‡ ktoÅ› na lewo od Zandberga**

***Potrzeba radykaÅ‚a, ktÃ³ry - tak jak Maciak, ktÃ³ry znormalizowaÅ‚ Brauna - bÄ™dzie gÅ‚osiÅ‚ radykalne, czasami wrÄ™cz idiotyczne tezy.*** Skoro Braun moÅ¼e mÃ³wiÄ‡ o Å¼ydowskich bunkrach pod CPK, to czemu nie moÅ¼e istnieÄ‡ ktoÅ›, kto mÃ³wi o tajnych grupach trzymajÄ…cych wÅ‚adzÄ™ w episkopacie, albo konfiskacie majÄ…tkÃ³w tym majÄ… zbyt duÅ¼o mieszkaÅ„?  
Ale najwaÅ¼niejsze to po co. OtÃ³Å¼, to normalizuje lewicÄ™ w oczach zwykÅ‚ych ludzi. Nagle Zandberg nie jest komunistÄ…, a zwykÅ‚ym socjaldemokratÄ…. Poza tym to dobry sposÃ³b na wypuszczanie ""balonika"" z tezÄ… i obserwowanie reakcji. Nie przyjmuje siÄ™ - odcinka lewicowych partii od szaleÅ„ca. Przyjmuje siÄ™? MÃ³wimy podobnie, ale zmiÄ™kczamy przekaz.

**2. Mniej przepraszania, wiÄ™cej Å¼Ä…daÅ„ przeprosin**

Po ostatniej aferze z bardzo przykrymi obelgami w kierunku cÃ³rki prezydenta-elekta w kontekÅ›cie jej fajnego i dziecinnego zachowania na wiecu, zrobiÅ‚ siÄ™ festiwal przepraszania za komentarze, z ktÃ³rymi - w tym przypadku z tego co wiadomo nikt z rzÄ…dzÄ…cych - nie miaÅ‚ nic wspÃ³lnego. Prawica narzuciÅ‚a narracjÄ™ jacy to oni podli i okrutni. ***DÄ…Å¼Ä™ do tego, Å¼e prawica wytyka innym siÅ‚om politycznym nienawistne komentarze zwolennikÃ³w, a za swoje nie ponosi konsekwencji.***

OczywiÅ›cie, hejt potÄ™piÄ‡ trzeba. Ale zamiast na pytania dziennikarzy, ktÃ³rzy zainteresujÄ… siÄ™ sprawÄ…, kajaÄ‡ siÄ™ i robiÄ‡ kilkuminutowÄ… pogawÄ™dkÄ™ na temat tego jakie to zÅ‚e, naleÅ¼y zaczÄ…Ä‡ wypowiedÅº od ""A wie Pan, Å¼e poseÅ‚ Jan Kowalski zaszczuÅ‚ ostatnio naszÄ… aktywistkÄ™, to jest absolutny skandal, Å¼e..."". Dalej chyba wiadomo. 

**3. CiÄ™Å¼ka praca na wschodzie i dostosowanie przekazu**

WschÃ³d to bastion PiS, gdzie takie postawy jak brak akceptacji osÃ³b LGBT, aborcji i innych progresywnych zmian jest oczywisty. ***Lewica musi tam jeÅºdziÄ‡, grzaÄ‡ nawet drobne afery liberalnej i prawej strony. ZbieraÄ‡ oburzenie ludzi.*** PodkreÅ›laÄ‡ kwestie socjalne i bytowe JednoczeÅ›nie trzeba ukrywaÄ‡ maÅ‚o popularne kwestie, takie wÅ‚aÅ›nie jak aborcja i akceptacja LGBT. Jako przykÅ‚ad, moÅ¼na podaÄ‡ Zandberga z kampanii prezydenckiej, ktÃ³ry mÃ³wiÄ…c o osobach nieheteronormatywnych powiedziaÅ‚, Å¼e ""urodzili siÄ™ trochÄ™ inni"". OkrÄ…gÅ‚e zdanie dla polityka, ktÃ³re nie faÅ‚szuje rzeczywistoÅ›ci, a nie zraÅ¼a bardziej konserwatywnego wyborcy. ***Nikt nie zaglosuje na lewicÄ™ z pustym brzuchem.***

**4. WspÃ³Å‚praca ponad podziaÅ‚ami**

LiberaÅ‚owie krzyczÄ…, Å¼e Razem zawsze z PiSem. No i niech sobie krzyczÄ…. Zamiast to dementowaÄ‡, to tylko naleÅ¼y podkreÅ›laÄ‡, Å¼e PiS zrobiÅ‚ te i te rzeczy Åºle, ale w jednej sprawie siÄ™ zgadzamy i tu wspÃ³Å‚pracujemy. ***DLA DOBRA POLSKI.*** DziÄ™ki temu moÅ¼na zjednaÄ‡ uwagÄ™ i byÄ‡ moÅ¼e gÅ‚os wyborcy centrowego i prawicowego. Poza tym to po prostu sensowne wedÅ‚ug mnie - w Sejmie siÄ™ jest by poprawiaÄ‡ paÅ„stwo, a nie zajmowaÄ‡ caÅ‚y czas nawalankÄ… politycznÄ….

**5. Stworzenie sensownej oferty dla mÄ™Å¼czyzn**

Z Nowej Lewicy juÅ¼ siÄ™ Å¼artuje, Å¼e to partia kobiet. Razem dopiero zaczÄ™Å‚o wspominaÄ‡ o problemach mÄ™Å¼czyzn, ale sÄ… one rozwodnione w propracowniczym przekazie. Musi zaistnieÄ‡ konkretna oferta, postulaty dla facetÃ³w, w szczegÃ³lnoÅ›ci tych mÅ‚odych. Dlaczego lewica, czemu majÄ… na niÄ… gÅ‚osowaÄ‡, tak Å¼eby ich Å¼ycie byÅ‚o lepsze. Mieszkania, zakÅ‚adanie rodziny, wchodzenie na rynek pracy - to wszystko juÅ¼ jest, ja wiem, ale wiÄ™cej akcentowania Å¼e mÄ™Å¼czyÅºni na tym skorzystajÄ…. 

**6. PR, social media i virale**  
Algorytm temu nie sprzyja, ale trzeba tworzyÄ‡ lewicowe treÅ›ci na potÄ™gÄ™. Edity z mocnymi wypowiedziami, kompromitujÄ…ce wypowiedzi przeciwnikÃ³w; TikTok, Instagram, tam gdzie jest mÅ‚odzieÅ¼. I pewnie inne Å›rodki przekazu ktÃ³rych nie znam, niestety nie mam juÅ¼ 18 lat. Ma byÄ‡ gÅ‚oÅ›no, ma siÄ™ nieÅ›Ä‡. I wiem, istnieje podsumowanie tygodnia z Zandbergiem, sÄ… juÅ¼ wrzucane wypowiedzi z sejmowej mÃ³wnicy. Ale wedÅ‚ug mnie - wciÄ…Å¼ maÅ‚o. 

**A teraz pytanie po co?**

Prawa osÃ³b LGBT, aborcja, zneutralizowanie egoizmu, znormalizowanie podatkÃ³w progresywnych i wiele innych - nie sÄ… moÅ¼liwe do wprowadzenia, nawet jakby teraz Lewica i Razem mieli wiÄ™kszoÅ›Ä‡ konstytucyjnÄ…. OpÃ³r spoÅ‚eczny by ich zmiÃ³tÅ‚. NaleÅ¼y normalizowaÄ‡ lewicÄ™ w oczach przeciÄ™tnego Polaka, ktÃ³ry co do zasady raczej jest bardziej konserwatywny.    
KtoÅ› powie, Å¼e to maÅ‚o etyczne, lewica powinna nie dawaÄ‡ siÄ™ takim niskim chwytom - nie zgodzÄ™ siÄ™. **Prawica konsekwentnie wykrzywia boisko od 2015 roku.**  Nie moÅ¼na obraÅ¼aÄ‡ siÄ™, Å¼e sÄ™dziowie biegajÄ… w koszulkach druÅ¼yny przeciwnej, tylko graÄ‡ jak oni. Bycie zbyt grzecznym to jak zostawienie pustej bramki i pÃ³jÅ›cie do szatni. Nic to nie zmieni, a gole i tak wpadnÄ….

I jeszcze na koniec - zdajÄ™ sobie sprawÄ™, Å¼e czÄ™Å›Ä‡ z tych rzeczy juÅ¼ siÄ™ dzieje, albo zaczyna siÄ™ dziaÄ‡. Ale mimo to mogÄ™ powiedzieÄ‡ tylko **wiÄ™cej, mocniej, szybciej.** Lewica musi byÄ‡ wyrazista. MdÅ‚y przekaÅ¼ nie trafia i jest zakrzykiwany przez prawÄ… stronÄ™. Musimy siÄ™ broniÄ‡, Å¼eby byÅ‚o nam bliÅ¼ej do rÃ³wnego, socjaldemokratycznego spoÅ‚eczeÅ„stwa, niÅ¼ do wschodnich autokracji.

PozdrÃ³wki!",73,133,https://www.reddit.com/r/Polska/comments/1l2r90v/czym_powinna_byÄ‡_dzisiaj_lewica/
2025-06-03 17:11:25,ImStoryForRambling,Moje 3 grosze - elektorat Nawrockiego to czyste vibe'y,"PracujÄ™ w duÅ¼ej paÅ„stwowej spÃ³Å‚ce, zrzeszajÄ…cej gÅ‚Ã³wnie ludzi o wyksztaÅ‚ceniu wyÅ¼szym - gÅ‚Ã³wnie chemikÃ³w, fizykÃ³w i inÅ¼ynierÃ³w - okoÅ‚o poÅ‚owa z nich zagÅ‚osowaÅ‚a na Nawrota. Gwoli klaryfikacji, darzÄ™ szczerÄ… sympatiÄ… znakomitÄ… wiÄ™kszoÅ›Ä‡ z nich, wiÄ™c do naszych rÃ³Å¼nic politycznych staram siÄ™ podchodziÄ‡ raczej z intelektualnÄ… ciekawoÅ›ciÄ… niÅ¼ z jakiegoÅ› emocjonalnego miejsca antypatii - wychodzÄ…c choÄ‡by i z samego zaÅ‚oÅ¼enia, Å¼e ta druga zwyczajnie na nic mi siÄ™ nie zda.

To, co mnie szczegÃ³lnie mocno w tych dyskusjach uderza, to to, jak silne sÄ… ich przekonania polityczne wzglÄ™dem tego, jak niewiele o nich praktycznie wiedzÄ…, lub jak maÅ‚o majÄ… je w sumie przemyÅ›lane. Ich Å›wiatopoglÄ…d czÄ™sto okazuje siÄ™ oparty na doÅ›Ä‡ luÅºnych zaÅ‚oÅ¼eniach, ktÃ³re Å‚atwo podwaÅ¼yÄ‡ konkretnymi pytaniami. Np. mÃ³wiÄ…, Å¼e ZeleÅ„ski jest zÅ‚y bo chce kontynuacji wojny. Na moje pytanie, czy gdyby Rosja napadÅ‚a na wschodniÄ… czÄ™Å›Ä‡ polski, mordowaÅ‚a i gwaÅ‚ciÅ‚a cywili i porywaÅ‚a nasze dzieci, to czy teÅ¼ nie chcieliby o to walczyÄ‡ przyznajÄ…, Å¼e moÅ¼e w sumie faktycznie - moÅ¼e rzeczywiÅ›cie prezydent nie powinien odpuszczaÄ‡ masowych porwaÅ„ dzieci ze swojego kraju.

NiektÃ³rzy o polityce nie wiedzÄ… dosÅ‚ownie NIC, ale gÅ‚osujÄ… przeciw Trzaskowskiemu ""bo go jakoÅ› nie lubiÄ…"" (to dosÅ‚ownie powÃ³d podany przez jednÄ… z moich ulubionych koleÅ¼anek z tej roboty).

Albo w dyskusji o imigracji - wystarczy zadaÄ‡ im pytanie, jak to moÅ¼liwe, Å¼e skoro wg ich Å›wiatopoglÄ…du imigranci popeÅ‚niajÄ… wiÄ™cej przestÄ™pstw (i dlatego nie powinniÅ›my ich wpuszczaÄ‡) to jakim cudem ta konsekwentnie spada, skoro imigrantÃ³w mamy coraz wiÄ™cej? Okazuje siÄ™, Å¼e oni nawet NIE WIEDZÄ„, Å¼e trend jest spadkowy, i w liczbach absolutnych i per capita. Zwyczajnie nie wiedzÄ…. JeÅ¼eli dalej upierajÄ… siÄ™ przy swoim, twierdzÄ…c np., Å¼e statystyki kÅ‚amiÄ…, wystarczy skontrowaÄ‡, Å¼e w takim razie dla bezpieczeÅ„stwa moÅ¼na by pÃ³jÅ›Ä‡ na kompromis i nie wpuszczaÄ‡ mÄ™Å¼czyzn do 25 roku Å¼ycia, bo to jedyna grupa, ktÃ³ra w ogÃ³le te przestÄ™pstwa popeÅ‚nia (nie liczÄ…c marginalnych przypadkÃ³w w innych grupach), wiÄ™c jeÅ¼eli faktycznie zaleÅ¼y im na zmniejszeniu przestÄ™pczoÅ›ci, to taki zabieg nawet by jÄ… dalej per capita zmniejszyÅ‚ - dziaÅ‚aÅ‚oby to na korzyÅ›Ä‡ tego, za czym twierdzÄ…, Å¼e stojÄ…. Nie spotkaÅ‚em siÄ™ jeszcze z odpowiedziÄ…, ktÃ³ra pokazaÅ‚aby, Å¼e to niekonsekwencja â€“ ale byÄ‡ moÅ¼e ktoÅ› takÄ… ma?OczywiÅ›cie, moÅ¼na wskazywaÄ‡ na pojedyncze, nagÅ‚oÅ›nione przypadki â€“ i nikt nie twierdzi, Å¼e problemÃ³w nie ma. Ale jeÅ›li rozmawiamy o polityce migracyjnej, warto opieraÄ‡ siÄ™ na ogÃ³lnych trendach i danych, nie na wyjÄ…tkach. 

Druga rzecz, ktÃ³ra mnie zafrapowaÅ‚a, to powstanie pewnej nowej grupy (?) politycznej - konserwatywnego kosmopolity. Ci sami ludzie, ktÃ³rzy nie chcÄ… w Polsce imigrantÃ³w, LGBT, UE itd. deklarujÄ… jednoczeÅ›nie, Å¼e majÄ… w ten kraj brzydko mÃ³wiÄ…c wy\*ebane i w razie wojny nie zamierzajÄ… o ojczyznÄ™ walczyÄ‡. Do czego to doszÅ‚o, Å¼e ja, progresywny soc-dem chodzÄ…cy na marsze rÃ³wnoÅ›ci mam w sobie wiÄ™cej patriotycznej krwi niÅ¼ ci samozwaÅ„czy obroÅ„cy europejskich wartoÅ›ci? Paradoksalnie to wÅ‚aÅ›nie ja â€“ czÅ‚owiek, ktÃ³rego oni nazwaliby 'lewakiem' â€“ czujÄ™ siÄ™ odpowiedzialny za ten kraj. MoÅ¼e patriotyzm nie polega na tym, by krzyczeÄ‡ o wartoÅ›ciach, tylko by byÄ‡ gotowym ich broniÄ‡ â€“ nawet, jeÅ›li kraj nie zawsze nas traktuje tak, jak byÅ›my chcieli.",419,109,https://www.reddit.com/r/Polska/comments/1l2efem/moje_3_grosze_elektorat_nawrockiego_to_czyste/
2025-06-03 11:57:01,IamMiku,Adrian Zandberg miaÅ‚by najwiÄ™ksze szanse na wygranie z Nawrockim w drugiej turze.,"KaÅ¼dy siÄ™ go boi, kaÅ¼dy polityk go szanuje, szczegÃ³lnie ci istotni z prawej, bo mÃ³wili to sam Mentzen i Duda chociaÅ¼by. WiÄ™kszy i wyÅ¼szy od Nawrockiego, bardziej mÄ™ski, wiking. StojÄ…cy w opozycji do Tuska, wiÄ™c ludzie nie musieliby oddawaÄ‡ gÅ‚osy przeciwko.",0,53,https://www.reddit.com/r/Polska/comments/1l27wmi/adrian_zandberg_miaÅ‚by_najwiÄ™ksze_szanse_na/
2025-06-03 11:40:58,Platypus__Gems,"Zdenerwowany zandberg w ostrych sÅ‚owach o koalicji | ""Mentzen zostanie premierem""",,199,153,https://www.reddit.com/r/Polska/comments/1l27o38/zdenerwowany_zandberg_w_ostrych_sÅ‚owach_o/
2025-06-02 13:15:49,howdoesilogin,cykl Å¼ycia PO,,1701,166,https://www.reddit.com/r/Polska/comments/1l1fczn/cykl_Å¼ycia_po/
2025-06-02 06:41:54,SongFromHenesys,"Czy gdyby Zandberg otwarcie poparÅ‚ Trzaskowskiego, to czy RafaÅ‚ wygraÅ‚by?",Jak myÅ›licie ? ,0,22,https://www.reddit.com/r/Polska/comments/1l1986i/czy_gdyby_zandberg_otwarcie_poparÅ‚_trzaskowskiego/
2025-06-02 06:33:13,Kamilkadze2000,Prawica ma kilka lat przewagi w technikach zbierania poparcia poprzez internet,"PozwolÄ™ sobie skopiowaÄ‡ swoje przemyÅ›lenia z innego portalu. CiekawiÄ… mnie wasze uwagi i spostrzeÅ¼enia w tym kontekÅ›cie lub wskazanie ewentualnych luk w moim rozumowaniu.

Za to, Å¼e wygraÅ‚ Nawrocki odpowiedzialny jest gÅ‚Ã³wnie Tusk i obecna koalicja rzÄ…dzÄ…cÄ…. Jest to niekompetencja elit centrum, liberaÅ‚Ã³w i lewicy.  
  
\-Brak rzecznika prasowego rzÄ…du, HoÅ‚ownia krzyczÄ…cy riposty z mÃ³wnicy raz na pÃ³Å‚ miesiÄ…ca wiele nie zmieni w postrzeganiu przez ludzi rzÄ…du.  
\-CaÅ‚kowicie olana ofensywa internetowa, 95% viralu politycznego jaki widziaÅ‚em na jakiÅ› shortsach czy tik toku to treÅ›ci od kandydatÃ³w lub aktywistÃ³w prawicowych. I nie dziwiÄ™ siÄ™, Å¼e tak jest. JuÅ¼ kij z samymi kandydatami ale ludzie Å¼yjÄ…cy politykÄ… co byli za Trzaskowskim to zadowalajÄ… siÄ™ marginalnÄ… w kontekÅ›cie wpÅ‚ywania na masy wojenkÄ… na twitterze zamiast spamowaÄ‡ tik toki czy shortsy youtubowe  
  
Tusk myÅ›laÅ‚, Å¼e jesteÅ›my 15 lat do tyÅ‚u. 95% wyborcÃ³w oglÄ…da codziennie od 15 telewizjÄ™ po powrocie do domu z roboty i koÅ„cem ich politycznego zainteresowania codziennoÅ›ciÄ… jest wysÅ‚uchanie paru reportaÅ¼y o 19 lub 19:30. W zaleÅ¼noÅ›ci ktÃ³rÄ… stacjÄ™ wolÄ…. ZemÅ›ciÅ‚o siÄ™ to na nim.  
IdÄ…c dalej Trzaskowski w ogÃ³le nie jest kandydatem mÅ‚odzieÅ¼owym. Bycie kandydatem mÅ‚odzieÅ¼owym to nie mÅ‚ody wyglÄ…d, to nie progresywne poglÄ…dy. Kandydat mÅ‚odzieÅ¼owy to ten, ktÃ³ry do mÅ‚odzieÅ¼y przede wszystkim dociera. A Trzaskowski obecnoÅ›Ä‡ w internecie miaÅ‚ znikomÄ…. I byÅ‚ lata Å›wietlne w tym aspekcie za Mentzenem, ktÃ³ry walkÄ™ o informacje i autorytet w Å›rodowisku internetowym prowadzi nie od poczÄ…tku kampanii, a w gruncie rzeczy od poczÄ…tku swojej kariery politycznej.  
  
Wybory te wygraÅ‚ w przestrzeni internetowej Mentzen. I to on przybliÅ¼yÅ‚ mÅ‚odzieÅ¼ do prawej strony sceny politycznej latami swojej mimo wszystko niewaÅ¼ne co siÄ™ o nim sÄ…dzi ciÄ™Å¼kiej pracy w tym obszarze. Åšmiejemy siÄ™ z prawicy czÄ™sto, Å¼e to ciemnogrÃ³d, a fakt jest taki, Å¼e sÄ… lata Å›wietlne przed liberaÅ‚ami i lewicÄ… w innowacyjnoÅ›ci swojej wojny informacyjnej. I jedynym kto Å¼yje w tym kontekÅ›cie w przeszÅ‚oÅ›ci sÄ… liberaÅ‚owie. Lewica powoli wyciÄ…ga wnioski. Zandberg widaÄ‡, Å¼e zaczyna czaiÄ‡ o co chodzi, pytanie czy bÄ™dzie umiaÅ‚ dotrzymaÄ‡ tempa zaczynajÄ…c praktycznie od zera podczas gdy prawica ma w Internecie juÅ¼ ugruntowanÄ… pozycjÄ™.",77,57,https://www.reddit.com/r/Polska/comments/1l192z3/prawica_ma_kilka_lat_przewagi_w_technikach/
2025-06-02 00:53:12,iceasteroid,Co po Tusku?,"Los tego rzÄ…du jest juÅ¼ de facto przypieczÄ™towany - najpÃ³Åºniej w 2027 roku do wÅ‚adzy wrÃ³ci PiS.

Dla Tuska to jest game over nawet jeÅ›li dotrwa do wyborÃ³w w fotelu premiera.

No i co dalej? Bo ten umiarkowany centrowo-liberalny wyborca PO czegoÅ› potrzebuje, a raczej ani u Zandberga ani u Mentzena tego nie znajdzie (przynajmniej nie wszyscy).

Kto tam wgl moÅ¼e przejÄ…Ä‡ stery? Charyzmatycznych postaci z osobowoÅ›ciÄ… przywÃ³dcy raczej brak.

Najbardziej wypromowana osoba i przy okazji goÅ›Ä‡ z faktycznym zapleczem partyjnym wÅ‚aÅ›nie zostaÅ‚ spalony przegrywajÄ…c drugie z rzÄ™du wybory prezydenckie w ktÃ³rych startowaÅ‚?

Kto to wszystko teraz przejmie? ",52,90,https://www.reddit.com/r/Polska/comments/1l12dxc/co_po_tusku/
2025-06-01 22:26:25,truenofan86,"Grupa 18-29, czemu?","Zadam teraz to pytanie, bo to moje pierwsze wybory i jako lewak z krwi i koÅ›ci gÅ‚osowaÅ‚em na Trzaska w I i II turze. Ale zastanawia mnie to Å¼e Nawrocki wygraÅ‚ w tej grupie wyborcÃ³w. Co mnie zastanawia patrzÄ…c na rok 23 i kiedy 15 paÅºdziernika ""zniszczono zÅ‚o"" gÅ‚Ã³wnie dziÄ™ki mÅ‚odym.

WiÄ™c teraz zadaje sobie to pytanie, czemu? PopytaÅ‚em wÅ›rÃ³d znajomych, w pierwszej turze byÅ‚o rÃ³Å¼nie, Trzaskowski, HoÅ‚ownia, Biejat, Zandberg, tylko jedna osoba z klasy gÅ‚osowaÅ‚a na Nawrockiego bo ""do wojska nie chce"". 

W I turze, 97% na Trzaska (jedna osoba lojalna pisowi), nawet wyborca Mentzena z ktÃ³rym rozmawiaÅ‚em powiedziaÅ‚ Å¼e jednak woli na tÄ™czowego kiedy gadaliÅ›my na temat flag LGBT w paÅ‚acu prezydenckim bo ""sÄ… inne problemy"".

Jednak ciekawi mnie ta postawa, bo jak KO jest u wÅ‚adzy to nie jest ""cool"" jak wczeÅ›niej? Å»e ""jebaÄ‡ PiS"" nie jest juÅ¼ antysystemowe? Czy presja rodziny? Brak wiedzy o tym jak dziaÅ‚a paÅ„stwo? Zemsta za ""nie speÅ‚nianie oczekiwaÅ„""? 

EDIT: Dobra, moÅ¼e nie Lewak z krwi i koÅ›ci, bardziej lewak Å›wiatopoglÄ…dowy, nie gÅ‚osowaÅ‚em sercem to fakt, gÅ‚osowaÅ‚em bo spodziewaÅ‚em siÄ™ Å¼e rÃ³Å¼nica miÄ™dzy wyborem 1 a 2 bÄ™dzie niewielka, a zawsze przewaga jest potrzebna. ",190,242,https://www.reddit.com/r/Polska/comments/1l0yxtw/grupa_1829_czemu/
2025-05-30 18:41:37,Mront,"PrzepÅ‚ywy wyborcÃ³w w II turze (OGB dla Wirtualnej Polski, 28-29.05, CATI, n=1000)",,121,147,https://www.reddit.com/r/Polska/comments/1kz8yzg/przepÅ‚ywy_wyborcÃ³w_w_ii_turze_ogb_dla_wirtualnej/
2025-05-30 18:29:04,Megamind_43,Adrian Zandberg ujawnia majÄ…tek. PoznaliÅ›my szczegÃ³Å‚y,,18,20,https://www.reddit.com/r/Polska/comments/1kz8nh5/adrian_zandberg_ujawnia_majÄ…tek_poznaliÅ›my/
2025-05-29 14:08:33,gamma6464,SÅ‚awek o Zandbergu,,552,33,https://www.reddit.com/r/Polska/comments/1ky950n/sÅ‚awek_o_zandbergu/
2025-05-29 09:57:32,topcodemangler,Zandberg przejeÅ¼dÅ¼a prÄ™tem po klatce,,435,215,https://www.reddit.com/r/Polska/comments/1ky53nb/zandberg_przejeÅ¼dÅ¼a_prÄ™tem_po_klatce/
2025-05-27 10:54:04,Megamind_43,Ostre spiÄ™cie na linii Adrian Zandbergâ€“RadosÅ‚aw Sikorski. PoszÅ‚o o Donalda Tuska,,24,119,https://www.reddit.com/r/Polska/comments/1kwig8l/ostre_spiÄ™cie_na_linii_adrian_zandbergradosÅ‚aw/
2025-05-26 11:11:34,baristotle,Dlaczego Zandberg nie poprze Å¼adnego z kandydatÃ³w - krÃ³tka opinia,"Ze strony wyborcÃ³w innych kandydatÃ³w, w szczegÃ³lnoÅ›ci Trzaskowskiego pada duÅ¼o pytaÅ„Â o to dlaczego Zandberg nie poprze go w II turze. Ze strony wyborcÃ³w Zandberga pada odpowiedÅº, niejako w formie obrony ich faworyta, Å¼e traktuje swoich wyborcÃ³w jak dorosÅ‚ych ludzi, ktÃ³rzy wiedzÄ… co majÄ…Â zrobiÄ‡ i nie bÄ™dzie im nakazywaÅ‚ jak majÄ… gÅ‚osowaÄ‡. Ta odpowiedÅº jest prawdziwa ale tylko po czÄ™Å›ci. UwaÅ¼am, Å¼e to jest powÃ³d drugorzÄ™dny, a gÅ‚Ã³wny motyw to wyraÅºne utrwalenie wizerunku osoby niezÅ‚omnej, ktÃ³ra nie zadeklaruje siÄ™Â po ktÃ³rejÅ›Â ze stron za pojedynczÄ… obietnicÄ™. Zandberg chce tutaj przede wszystkim oddzieliÄ‡ siÄ™Â wizerunkowo od Biejat, z ktÃ³rÄ… ma potencjalnie najbliÅ¼szÄ… ideowo bazÄ™ wyborcÃ³w, a ktÃ³ra ma odmienne podejÅ›cie do pragmatyzmu, Å¼e tak powiem koalicyjnego. 

Po ostrej krytyce twardego elektoratu Konfy jaka spotkaÅ‚a Mentzena za piwo z Trzaskowskim i Sikorskim Zandberg pewnie utwierdzi siÄ™Â w przekonaniu, Å¼e zmiana taktyki na ostatniÄ…Â chwilÄ™Â przyniesie wiÄ™cej strat niÅ¼Â korzyÅ›ci. Obok wyraÅºnego odrÃ³Å¼niania siÄ™Â od Biejat byÄ‡Â moÅ¼e Zandberg bÄ™dzie chciaÅ‚Â wbijaÄ‡Â szpileczki rÃ³wnieÅ¼Â Mentzenowi i zestawiaÄ‡Â swojÄ… wiarygodnoÅ›Ä‡Â z jego. Dlatego teÅ¼ do ciszy wyborczej nie przewidujÄ™Â zmiany w jego postawie.",96,71,https://www.reddit.com/r/Polska/comments/1kvpxws/dlaczego_zandberg_nie_poprze_Å¼adnego_z_kandydatÃ³w/
2025-05-26 07:51:01,greencolorlessdreams,"Czy wszyscy juÅ¼ zapomnieli, Å¼e Nawrocki byÅ‚ zamieszany w sutenerstwo? I Zandberg siÄ™ zastanawia czy takÄ… osobÄ™ poprzeÄ‡? Ja dziÄ™kujÄ™ za takÄ… lewicÄ™","Chyba juÅ¼ wszyscy zapomnieli o tym Å¼e Nawrocki byÅ‚ zamieszany w sutenerstwo. OglÄ…daÅ‚am w niedzielÄ™ Piaseckiego i strona rzÄ…dzÄ…cej koalicji mieliÅ‚a temat kibolstwa, nieobliczalnoÅ›ci i niekontrolowania siÄ™ Nawrockiego (snus) i nikt nie wspomniaÅ‚ o sutenerstwie. W dupie mam to kibolstwo kiedy w grÄ™ wchodzi handel ludzmi. Czy juÅ¼ wszyscy zapomnieli? Niedobrze mi siÄ™ robi Å¼e Zandberg prÃ³buje tu stawiaÄ‡ tu jakiÅ› znak rÃ³wnoÅ›ci miÄ™dzy nim a Trzaskowskim",0,30,https://www.reddit.com/r/Polska/comments/1kvmxce/czy_wszyscy_juÅ¼_zapomnieli_Å¼e_nawrocki_byÅ‚/
2025-05-25 13:03:56,BubsyFanboy,Nazwex o propozycji Zandberga dla Trzaskowskiego,Å¹rÃ³dÅ‚o: [https://xcancel.com/nazwex/status/1925896476078588090](https://xcancel.com/nazwex/status/1925896476078588090),261,173,https://www.reddit.com/r/Polska/comments/1kuzxoe/nazwex_o_propozycji_zandberga_dla_trzaskowskiego/
2025-05-23 12:45:06,Small_Delivery_7540,GÅ‚osowanie dotyczÄ…ce udzielenia przez premierÄ… informacji na temat udziaÅ‚u polski w pakcie migracyjnym,,58,76,https://www.reddit.com/r/Polska/comments/1ktgf41/gÅ‚osowanie_dotyczÄ…ce_udzielenia_przez_premierÄ…/
2025-05-22 21:05:22,The_Strange_Shrimp,Zandberg podebraÅ‚ gÅ‚osy Nawrockiemu w pierwszej turze,"Ludzie siÄ™ burzÄ… i dziwiÄ…, jak osoby, ktÃ³re zagÅ‚osowaÅ‚y na Zandberga mogÄ… chcieÄ‡ gÅ‚osowaÄ‡ na Nawrockiego. A ja mam podejrzenia, Å¼e to nie jest tak, Å¼e ""organiczni"" wyborcy Zandberga rozwaÅ¼ajÄ… Nawrockiego jako swojego prezydenta, tylko byÄ‡ moÅ¼e Zandbergowi, dziÄ™ki swojej kampanii (w tym wywiadzie w Republice) przekonaÅ‚ do siebie czÄ™Å›Ä‡ wyborcÃ³w PiSu. JuÅ¼ od dÅ‚uÅ¼szego czasu w komentarzach pod wypowiedziami Zandberga w prawicowych mediach widaÄ‡, Å¼e Zandberg cieszy siÄ™ pewnym powaÅ¼aniem, Å¼e niby lewak a wcale nie tak gÅ‚upio gada. (Znam nawet takiego jednego typa na Å¼ywo).

Co moÅ¼e sÅ‚abo rokuje na najbliÅ¼sze wybory, ale w dÅ‚uÅ¼szej perspektywie dobrze rokuje na przyszÅ‚oÅ›Ä‡ Razem jako znaczÄ…cej siÅ‚y politycznej.

To taki mÃ³j Hot Take, chociaÅ¼ nie przywiÄ…zuje siÄ™ mocno do tej myÅ›li. Ale mam wraÅ¼enie, Å¼e to jedyne sensowne wytÅ‚umaczenie fenomenu wyborcÃ³w Zandberga gÅ‚osujÄ…cych na Nawrockiego.

edit:

u/relnami podaÅ‚ solidny kontrargument, wiÄ™c przeklejam:

>

>WedÅ‚ug exit polla Ipsosu ([ÅºrÃ³dÅ‚o](https://www.onet.pl/informacje/onetwiadomosci/duzy-sukces-karola-nawrockiego-ma-do-rozwiazania-kluczowy-problem-analiza/wrphc1v,79cfc278)) to tylko 0,5% wyborcÃ³w PiSu z 2023 i 1,2% wyborcÃ³w Dudy z 2020 zagÅ‚osowaÅ‚o na Zandberga, wiÄ™c raczej moÅ¼na zaÅ‚oÅ¼yÄ‡ Å¼e to marginalna grupa

Nie mniej, w pierwszym przypadku to jest caÅ‚y czas 38 tysiÄ™cy osÃ³b.  
(Zgodnie z sondaÅ¼ami jednak ok. 20% wyborcÃ³w Zandberga chce gÅ‚osowaÄ‡ na Nawrockiego - co stanowi ok. 190 tysiÄ™cy osÃ³b).  
(poprawcie mnie, jeÅ›li gdzieÅ› siÄ™ kopnÄ…Å‚em z liczeniem procentÃ³w :D)",120,58,https://www.reddit.com/r/Polska/comments/1ksz06m/zandberg_podebraÅ‚_gÅ‚osy_nawrockiemu_w_pierwszej/
2025-05-22 09:46:20,SetChance5602,Jak czÄ™sto politycy kÅ‚amiÄ… i manipulujÄ…? Demagog sprawdza,"StworzyÅ‚am wykres (z uÅ¼yciem chatagpt) pokazujÄ…cy w % jak czÄ™sto politycy mÃ³wiÄ… prawdÄ™ oraz manipulujÄ… wyborcami. ZrobiÅ‚am to na podstawie danych z Demagog, moÅ¼ecie sprawdziÄ‡ konkretne wypowiedzi tutaj https://demagog.org.pl/sprawdzani/wszystkie-osoby/

Procent prawdziwych i czÄ™Å›ciowo prawdziwych wypowiedzi w kolejnoÅ›ci od politykÃ³w najbardziej prawdomÃ³wnych 


1. Adrian Zandberg â€“ 80.85%
2. Magdalena Biejat â€“ 69.05%
3. Szymon HoÅ‚ownia â€“ 49.06%
4. RafaÅ‚ Trzaskowski â€“ 46.05%
5. SÅ‚awomir Mentzen â€“ 36.00%
6. Karol Nawrocki â€“ 33.33%
7. Grzegorz Braun â€“ 10.53%",743,120,https://www.reddit.com/r/Polska/comments/1ksl1bd/jak_czÄ™sto_politycy_kÅ‚amiÄ…_i_manipulujÄ…_demagog/
2025-05-22 09:13:02,Platypus__Gems,Zandberg: zachodzÄ™ w gÅ‚owÄ™ po co mamy siÄ™ tak Å›pieszyÄ‡? Co rzÄ…d ma do przykrycia?,,135,66,https://www.reddit.com/r/Polska/comments/1kskkq9/zandberg_zachodzÄ™_w_gÅ‚owÄ™_po_co_mamy_siÄ™_tak/
2025-05-20 22:58:02,LindsayPL,Czy Zandberg powinien kogoÅ› poprzeÄ‡ w II turze?,"Mocno tu czuÄ‡, Å¼e wiÄ™kszoÅ›Ä‡ popiera Adriana Zandberga konkretnie. Mam pytanie teraz do jego wyborcÃ³w - czy Adrian powinien poprzeÄ‡ ktÃ³regoÅ› kandydata, czy dalej nie popieraÄ‡ nikogo? JeÅ›li tak, to kogo? Nie pytam teraz o to, co myÅ›licie, Å¼e on zrobi - ciekawi mnie, jakiej decyzji byÅ›cie od niego oczekiwali. 

[View Poll](https://www.reddit.com/poll/1krg0kw)",1,54,https://www.reddit.com/r/Polska/comments/1krg0kw/czy_zandberg_powinien_kogoÅ›_poprzeÄ‡_w_ii_turze/
2025-05-19 12:17:40,ficiek,Tak przegrywa siÄ™ wybory,,1092,373,https://www.reddit.com/r/Polska/comments/1kq8583/tak_przegrywa_siÄ™_wybory/
2025-05-19 12:03:56,Trawpolja,Zandberg coÅ› taki smutny na tym zdjÄ™ciu :(,,777,114,https://www.reddit.com/r/Polska/comments/1kq7xnv/zandberg_coÅ›_taki_smutny_na_tym_zdjÄ™ciu/
2025-05-19 09:57:11,Feisty_Collection_45,Wielkomiejska lewica to parodia lewicy.,"Jak kandydaci lewicowi mogÄ… byÄ‡ ostatni wÅ›rÃ³d robotnikÃ³w? Jak ludzie deklarujÄ…cy poglÄ…dy lewicowe mogÄ… mÃ³wiÄ‡ o  â€ciemnym ludzieâ€, â€ciemnogrodzieâ€ i â€gÅ‚osujÄ…cych debilachâ€? ObserwujÄ…c komentarze w sieci zauwaÅ¼yÅ‚em Å¼e wielu ma pretensje o to, Å¼e gÅ‚upi ciemny lud z prowincji znÃ³w nie posÅ‚uchaÅ‚ nas oÅ›wieconych z wielkich miast. Nie tÄ™dy droga, lewica musi byÄ‡ blisko ludzi. Dzisiaj mieszkajÄ…cy daleko od szosy, nie dostrzega wÅ›rÃ³d lewicy swoich reprezentantÃ³w. Owszem, lewicy zdarzy siÄ™ mÃ³wiÄ‡ o problemach wsi, ale nie jest to perspektywa tych ktÃ³rzy muszÄ… siÄ™ z nimi mierzyÄ‡. DochodzÄ… do tego poglÄ…dy ktÃ³re sÄ… nie do pogodzenia z kompasem moralnym wiÄ™kszoÅ›ci. Mam na myÅ›li kwestie toÅ¼samoÅ›ci pÅ‚ciowej, poglÄ…dy na wiarÄ™, kwestie imigranckie. Osobiscie chciaÅ‚bym aby Razem poÅ¼egnaÅ‚o przysÅ‚owiowe â€alternatywkiâ€, jednoczeÅ›nie zabiegajÄ…c o bliskÄ… wspÃ³Å‚pracÄ™ z dziaÅ‚aczami chÅ‚opskimi i robotniczymi, a takÅ¼e skrÄ™ciÅ‚o w stronÄ™ lewicy chrzeÅ›cijaÅ„skiej. Mamy takie tradycje w Polsce, a takÅ¼e dobrym tropem mogÅ‚oby byÄ‡ odwoÅ‚anie siÄ™ do ruchu ksiÄ™Å¼y robotnikÃ³w z Francji. ",674,347,https://www.reddit.com/r/Polska/comments/1kq65lm/wielkomiejska_lewica_to_parodia_lewicy/
2025-05-19 07:14:36,Polakp,Oficjalne wyniki wyborÃ³w Prezydenckich przy 99% zliczonych obwodach,,1007,751,https://www.reddit.com/r/Polska/comments/1kq3shl/oficjalne_wyniki_wyborÃ³w_prezydenckich_przy_99/
2025-05-16 22:55:01,fiflak77,Prawdziwi mÄ™Å¼czyÅºni nie Å›ciskajÄ… sobie dÅ‚oni tylko robiÄ… serduszka ğŸ˜¤â¤,,1727,47,https://www.reddit.com/r/Polska/comments/1koblkh/prawdziwi_mÄ™Å¼czyÅºni_nie_Å›ciskajÄ…_sobie_dÅ‚oni/
2025-05-16 22:22:44,Parking_Echo,"GÅ‚osowanie przez tÄ™ samÄ… osobÄ™ na zasadzie albo Mentzen, albo Zandberg. SkÄ…d to siÄ™ bierze?","
Czasem widzÄ™ takie komentarze teÅ¼ w internecie â€” Å¼e tylko Mentzen albo Zandberg, zero Å›rodka. MÃ³j kuzyn mÃ³wi dokÅ‚adnie to samo. Skrajne opcje, a jednak wrzucane do jednego worka jako â€jedyni sensowniâ€.
GoÅ›Ä‡ nie interesuje siÄ™ politykÄ… na co dzieÅ„.

Nie hejtujÄ™, po prostu mnie to szczerze dziwi. SkÄ…d siÄ™ biorÄ… takie poglÄ…dy?
",32,70,https://www.reddit.com/r/Polska/comments/1koaufn/gÅ‚osowanie_przez_tÄ™_samÄ…_osobÄ™_na_zasadzie_albo/
2025-05-16 20:38:49,Megamind_43,Zandberg gotowy wejÅ›Ä‡ do rzÄ…du. Stawia warunek (realny wpÅ‚yw na decyzje rzÄ…dowe),,35,19,https://www.reddit.com/r/Polska/comments/1ko8e1q/zandberg_gotowy_wejÅ›Ä‡_do_rzÄ…du_stawia_warunek/
2025-05-16 19:57:59,Yazzowsky,Dlaczego Zandberg/Razem sÄ… Åºli?,"PrzychodzÄ™ z pytaniem, na ktÃ³re trudno byÅ‚o mi znaleÅºÄ‡ odpowiedÅº. Gdy sprawdzaÅ‚em kandydatÃ³w w tych wyborach i natrafiÅ‚em na Zandberga, zaczÄ…Å‚em go sÅ‚uchaÄ‡ duÅ¼o uwaÅ¼niej, bo bardzo mi siÄ™ spodobaÅ‚ (trudno byÅ‚o znaleÅºÄ‡ u niego jakiekolwiek gÅ‚upie wypowiedzi czy manipulacje â€“ w przeciwieÅ„stwie do Mentzena, u ktÃ³rego to doÅ›Ä‡ Å‚atwe). PrzesÅ‚uchaÅ‚em wiele wywiadÃ³w i nie natrafiÅ‚em na nic raÅ¼Ä…cego. SÅ‚yszaÅ‚em jedynie o jakimÅ› zdjÄ™ciu sprzed X lat na tle sierpa i mÅ‚ota (ale nie udaÅ‚o mi siÄ™ znaleÅºÄ‡ nic wiÄ™cej na ten temat), a takÅ¼e widziaÅ‚em jednÄ… formÄ™ â€manipulacjiâ€, gdy nazwaÅ‚ konfederatÃ³w i Mentzena pÅ‚askoziemcami, choÄ‡ trafniejsze byÅ‚oby okreÅ›lenie â€denialista klimatycznyâ€.

Dlatego przychodzÄ™ do Was z tym pytaniem. Od razu teÅ¼ dodam, Å¼e â€recenzyjnaâ€ postawa, o ktÃ³rÄ… oskarÅ¼a go Magdalena Biejat, nie jest dla mnie negatywem, a wrÄ™cz przeciwnie â€“ uznajÄ™ jÄ… za zaletÄ™. KierujÄ™ siÄ™ tutaj wypowiedziÄ… Zandberga, ktÃ³ry mÃ³wiÄ…c o kompromisie, stwierdziÅ‚, Å¼e gdy robi siÄ™ rzeczy sprzeczne z tym, co obiecaÅ‚o siÄ™ wyborcom, to nie jest to kompromis.

MoÅ¼na oczywiÅ›cie rozszerzyÄ‡ to do Partii Razem, bo o tym jak ona dziaÅ‚a i jakie tam sÄ… problemy za bardzo nie wiem.",0,97,https://www.reddit.com/r/Polska/comments/1ko7dqb/dlaczego_zandbergrazem_sÄ…_Åºli/
2025-05-16 14:55:14,midnight_rum,"Dlaczego nie gÅ‚osujÄ™ na Biejat, czyli Nowa Lewica to mafia","**EDIT: W dalszej czÄ™Å›ci tekstu - przykÅ‚ady z podanymi ÅºrÃ³dÅ‚ami!**

ChociaÅ¼ nikt chyba nie ma wÄ…tpliwoÅ›ci, Å¼e prezydentem Polski zostanÄ… albo Trzaskowski, albo Nawrocki, to wybory te bÄ™dÄ… kluczowe dla tego jak wyglÄ…daÄ‡ bÄ™dzie polska lewica. W zaleÅ¼noÅ›ci od tego czy lepszy wynik uzyska Magda Biejat, czy Adrian Zandberg, wybory te to byÄ‡ albo nie byÄ‡, zarÃ³wno dla Nowej Lewicy i Partii Razem, ktÃ³re obecnie w sondaÅ¼ach idÄ… Å‚eb w Å‚eb. PrzeczytaÅ‚em gdzieÅ›, Å¼e dla wyborcÃ³w lewicowych jest to referendum o to jak ma wyglÄ…daÄ‡ lewica w Polsce i to jest stwierdzenie, w mojej opinii, bardzo trafne.

Dlatego postanowiÅ‚em wyrzuciÄ‡ z siebie wszystko co mi leÅ¼y na sercu i korzystajÄ…c z tego Å¼e mamy ostatni dzieÅ„ przed ciszÄ… wyborczÄ…, poobrzucaÄ‡ NowÄ… LewicÄ™ gÃ³wnem XD

NL powstaÅ‚a jako poÅ‚Ä…czenie dawnych SLD i Wiosny. Formalnie partia skÅ‚ada siÄ™ z dwÃ³ch frakcji, ktÃ³re dzierÅ¼Ä… wÅ‚adzÄ™ po poÅ‚owie, jest dwÃ³ch przewodniczÄ…cych Fakty sÄ… jednak takie Å¼e SLD byÅ‚o partiÄ… wiÄ™kszÄ… i bogatszÄ… od Wiosny, co w oczywisty sposÃ³b daje im przewagÄ™ nad koleÅ¼ankami i kolegami z Wiosny. Dlatego gÅ‚Ã³wnie tutaj skupiÄ™ siÄ™ na gagatkach z SLD

SLD to poczÄ…tkowo koalicja, a pÃ³Åºniej partia ktÃ³ra juÅ¼ rzÄ…dziÅ‚a PolskÄ… dwukrotnie. SLD zasÅ‚ynÄ™Å‚o wygranÄ… w 1993 roku co stanowiÅ‚o potÄ™Å¼ny szok dla prawicy, uwaÅ¼ajÄ…cej Å¼e po 45 latach komuny nie ma w ogÃ³le miejsca na lewicÄ™ w Polsce. Wygrali gÅ‚Ã³wnie na obietnicach pomocy tej masie ludzi, ktÃ³rzy potracili prace w wyniku transformacji gospodarczej i prywatyzacji, zwÅ‚aszcza dawnym pracownikom PGR-Ã³w. SkoÅ„czyÅ‚o siÄ™ to oczywiÅ›cie zupeÅ‚nym wysraniem na wÅ‚asne postulaty wyborcze i hamowaniem prÃ³b reform przez trochÄ™ radykalniejszego koalicjanta i imo takÄ… troche PartiÄ™ Razem lat 90. czyli UniÄ™ Pracy (potem przez nich skanibalizowanÄ…). Ba, obniÅ¼yli nawet podatki dla bogatych, wprowadzajÄ…c obowiÄ…zujÄ…ce do dzisiaj dwa progi. Inba o aborcjÄ™ teÅ¼ oczywiÅ›cie trwa od wtedy i z tym teÅ¼ nic nie zrobili, a zawsze bardziej zajadle niszczyli inne partie lewicowe niÅ¼ troszczyli siÄ™ o wynik wyborczy. Wygodne, nie?

Drugie rzÄ…dy SLD wyglÄ…daÅ‚y podobnie pod wzglÄ™dem speÅ‚niania wÅ‚asnych postulatÃ³w. ZakoÅ„czyÅ‚y siÄ™ z hukiem, tutaj zainteresowanym polecam materiaÅ‚ profesora Dudka o Aferze Rywina.

Ale dlaczego ja mÃ³wiÄ™ o takich starych sprawach? JuÅ¼ tÅ‚umaczÄ™.

Elita SLD skÅ‚ada siÄ™ z niemoÅ¼liwych do ruszenia baronÃ³w, ktÃ³rzy siedzÄ… na stoÅ‚kach kierowniczych po 20+ lat i ktÃ³rzy wzbogacili siÄ™ na przekrÄ™tach sprzed przyjÄ™cia konstytucji i na kontaktach z mafiÄ…. Stworzyli organizacjÄ™ ktÃ³ra nie ma nic wspÃ³lnego z demokracjÄ…, w ktÃ³rej wÅ‚adza opiera siÄ™ na dÅ‚ugach wdziÄ™cznoÅ›ci, kolesiostwie i na majÄ…tku baronÃ³w. Absolutnie w dupie majÄ… swoje postulaty i gÅ‚oszÄ… je siÅ‚Ä… rozpÄ™du - jacyÅ› lewicowi ludzie sÄ… w kaÅ¼dym kraju a tak dÅ‚ugo jak nie bÄ™dzie innych partii lewicowych, bÄ™dÄ… zawsze mieli te 5-7% Å¼elaznego elektoratu i do krÄ™cenia waÅ‚Ã³w to wystarczy.

Jak wyglÄ…da SLD tak naprawdÄ™, faktycznie i od Å›rodka? Polecam artykuÅ‚ ""SLD to partia liberalno-konserwatywna""

[https://wyborcza.pl/7,75398,16423412,marek-borowski-o-grzechach-sld-i-millera-dzialacze-maja-poglady.html](https://wyborcza.pl/7,75398,16423412,marek-borowski-o-grzechach-sld-i-millera-dzialacze-maja-poglady.html)

No dobra, ale Ã³wczesnego kierownictwa w duÅ¼ej mierze juÅ¼ nie ma z nami, albo jest na emeryturze. Jaki to ma zwiÄ…zek z dzisiejszym stanem Nowej Lewicy w ktÃ³rej jest przecieÅ¼ tyle nowych twarzy?

A widzicie, bo stare komuchy swoich nastÄ™pcÃ³w namaszczaÅ‚y na obraz i podobieÅ„stwo swoje. WspÃ³Å‚czeÅ›nie celem istnienia Nowej Lewicy jest zapewnianie stoÅ‚kÃ³w i kontaktÃ³w Czarzastemu i baronom, a nie przepychanie Å¼adnych postulatÃ³w. Dlatego Nowa Lewica (w przeciwieÅ„stwie do Trzeciej Drogi, ktÃ³ra potrafiÅ‚a tupnÄ…Ä‡ nogÄ… i postawiÄ‡ w obecnej koalicji na swoim) jako podstawÄ™ swojego dziaÅ‚ania zaÅ‚oÅ¼yÅ‚a nie wychodzenie z koalicji pod Å¼adnym pozorem. Czy mogliby graÄ‡ twardziej w sprawie skÅ‚adki zdrowotnej albo zwiÄ…zkÃ³w partnerskich? Pewnie Å¼e tak. Ale tego nie zrobiÄ…

Lecimy co tam sÅ‚ychaÄ‡ w NL obecnie. Sprawy z ostatnich 2-3 lat:

**Dariusz Wieczorek** \- ex-minister edukacji ujawniÅ‚ dane sygnalistki, zgÅ‚aszajÄ…cej nieprawidÅ‚owoÅ›ci na Uniwersytecie SzczeciÅ„skim. Jego Å¼ona jest tam dyrektorkÄ… a przyjaciel rektorem.

[https://wpolityce.pl/polityka/715584-skandal-w-mnisw-wieczorek-ujawnil-tozsamosc-sygnalistki](https://wpolityce.pl/polityka/715584-skandal-w-mnisw-wieczorek-ujawnil-tozsamosc-sygnalistki)

[https://tvn24.pl/szczecin/afera-na-uniwersytecie-szczecinskim-zona-ministra-wieczorka-zostala-dyrektorka-wczesniej-zmieniono-regulamin-st8210177](https://tvn24.pl/szczecin/afera-na-uniwersytecie-szczecinskim-zona-ministra-wieczorka-zostala-dyrektorka-wczesniej-zmieniono-regulamin-st8210177)

**Andrzej Szejna -** oskarÅ¼ony o pobicie przez mÅ‚odÄ… lewicowÄ… dziaÅ‚aczkÄ™. Komentarz Anny-Marii Å»ukowskiej (przewodniczÄ…cej klubu Lewicy w Sejmie): ""Nie rÃ³bmy z tego problemu, to sprawa partii""

[https://wiadomosci.onet.pl/kraj/kontrowersje-wokol-andrzeja-szejny-padly-oskarzenia-o-pobicie-dzialaczki-mam-screeny/7gfkmv9](https://wiadomosci.onet.pl/kraj/kontrowersje-wokol-andrzeja-szejny-padly-oskarzenia-o-pobicie-dzialaczki-mam-screeny/7gfkmv9)

**Maciej Gdula -** wice-minister milioner skarÅ¼Ä…cy siÄ™ na niskie zarobki posÅ‚Ã³w i powoÅ‚ujÄ…cy siÄ™ na audyty ktÃ³rych nie przeprowadziÅ‚

[https://wtv.pl/maciej-gdula-opublikowal-oswiadczenie-majatkowe-wielkie-kwoty-mh-280521](https://wtv.pl/maciej-gdula-opublikowal-oswiadczenie-majatkowe-wielkie-kwoty-mh-280521)

[https://www.polsatnews.pl/wiadomosc/2024-12-19/maciej-gdula-tez-zostanie-zdymisjonowany-pn-powodem-audyt-do-ktorego-nie-doszlo/](https://www.polsatnews.pl/wiadomosc/2024-12-19/maciej-gdula-tez-zostanie-zdymisjonowany-pn-powodem-audyt-do-ktorego-nie-doszlo/)

I wreszcie nasz ulubieniec

**WÅ‚odzimierz Czarzasty -** powiedziaÅ‚ dziaÅ‚aczce ktÃ³ra siÄ™ z nim nie zgadzaÅ‚a, Å¼e ma siÄ™ sÅ‚uchaÄ‡ albo jÄ… odstrzeli

[https://tvn24.pl/polska/wlodzimierz-czarzasty-o-odstrzeleniu-gabrieli-morawskiej-staneckiej-robert-biedron-sprawa-zostala-wyjasniona-st5112133](https://tvn24.pl/polska/wlodzimierz-czarzasty-o-odstrzeleniu-gabrieli-morawskiej-staneckiej-robert-biedron-sprawa-zostala-wyjasniona-st5112133)

Czy ci ludzie zakoÅ„czyli kariery w polityce? Nie!. Czarzasty jest wciaÅ¼ liderem, a wszyscy pozostali zasiadajÄ… w zarzÄ…dzie partii. MoÅ¼na sobie sprawdziÄ‡ tutaj

[https://lewica.org.pl/wladze/czlonkowie-zarzadu-krajowego](https://lewica.org.pl/wladze/czlonkowie-zarzadu-krajowego)

A wyszukanie tego wszystkiego zajÄ™Å‚o mi jakieÅ› 20-30 minut! Strach pomyÅ›leÄ‡ do czego moÅ¼naby siÄ™ dokopaÄ‡ gdyby poÅ›wiÄ™ciÄ‡ na takie doedukowanie siÄ™ caÅ‚y wieczÃ³r albo nie daj BoÅ¼e kilka dni! Jakie ekscytujÄ…ce informacje wiszÄ… w internecie o innych czÅ‚onkach zarzÄ…du NL? Wrzucajcie swoje ulubione propozycje!

I wÅ‚aÅ›nie teraz, kiedy pojawiÅ‚a siÄ™ okazja wywalenia takich ludzi z polityki, znaleÅºli sobie oni Å›wietne dziaÅ‚aczki, aktywne i cieszÄ…ce siÄ™ w pewnych krÄ™gach spoÅ‚ecznych pewnym zaufaniem, takie jak Agnieszka Dziemianowicz-BÄ…k czy Magda Biejat. Obiecali im wsparcie swoich struktur, a teraz nawet udziaÅ‚ w rzÄ…dach!

Tylko Å¼e one zostaÅ‚y wmanewrowane w robienie dla tych dziadÃ³w za kroplÃ³wkÄ™. Baronowie nie reprezentujÄ… sobÄ… zupeÅ‚nie nic i byliby na Å›mietniku historii gdyby nie dziaÅ‚aczki, ktÃ³re ratujÄ… im skÃ³rÄ™. Kogo by wystawili do wyborÃ³w gdyby nie byÅ‚o ADB, Biejat, Kotuli czy Ueberhan? GdulÄ™ albo znowu Biedronia? XD MoÅ¼na siÄ™ byÅ‚o tych ludzi w koÅ„cu pozbyÄ‡. Ale nie, CzarzaÅ›ci tego Å›wiata dalej robiÄ… swoje i zajmujÄ… miejsce ruchom lewicowym z czystym kontem.

Przy caÅ‚ej mojej sympatii dla Magdy Biejat, gÅ‚osowanie na niÄ… to w mojej opinii gÅ‚osowanie na to Å¼eby baronowie SLD dalej byli w polityce i szkodzili nie tylko lewicy ale w ogÃ³le naszemu krajowi.

Nie przez to kim ona jest i co sobÄ… reprezentuje, tylko przez to kto za niÄ… w tym momencie stoi",914,92,https://www.reddit.com/r/Polska/comments/1ko0552/dlaczego_nie_gÅ‚osujÄ™_na_biejat_czyli_nowa_lewica/
2025-05-16 10:59:41,Marvin_Evergreen,Adrian Zandberg i partia Razem = droga do pojednania spoÅ‚ecznego?,"W najbliÅ¼szych wyborach bÄ™dÄ™ gÅ‚osowaÅ‚ na Adriana. Na codzieÅ„ gdy rozmawiam z kimÅ› na temat kandydatÃ³w, to deklaruje poparcie Adriana, wyjaÅ›niam dlaczego i tyle. Podczas tych rozmÃ³w nie agituje. Gdy sÅ‚yszÄ™,Å¼e ktoÅ› zagÅ‚osuje na Mentzena/Nawrockiego/Trzaskowskiego itp. kwitkujÄ™ ""no spoko,fajnie Å¼e idziesz na wybory"". 

Podczas tych rozmÃ³w zauwaÅ¼yÅ‚em coÅ›,co do tej pory nie miaÅ‚o miejsca w moich rozmowach. Betonowa prawica z mojego otoczenia pozytywnie reaguje na Adriana. Mam 3 przykÅ‚ady:
Kolega (mocno prawicowy, fanboy Mentzena, wieloletni wyborca Konfederacji): ""Zandberg spoko tylko lewicowy"". Dwie znajome z pracy (najtwardszy beton PiSu, republika caÅ‚y czas odpalona, rzucajÄ… na powaÅ¼nie tekstami,Å¼e za Tuskiem siarka bo to diabeÅ‚ -serio nie wyolbrzymiam): ""Zandberg bardzo mÄ…dry facet, na kilka kwestii otworzyÅ‚ mi oczy, no ale mamy rÃ³Å¼nice w kwestiach Å›wiatopoglÄ…dowych"", ""no Zandberg jest ok"".

Nie ukrywam, te osobiste przykÅ‚ady daÅ‚y mi ogromnie duÅ¼o nadziei,Å¼e jako spoÅ‚eczeÅ„stwo jesteÅ›my na drodze, do ukrucenia chyba kaÅ¼demu znanych obrazkÃ³w tj. burdy i kÅ‚Ã³tnie przy stole bo ty popierasz x a powinieneÅ› popieraÄ‡ y. 

MoÅ¼e to tylko moje doÅ›wiadczenia ale czujÄ™,Å¼e AZ i Razem pÅ‚ynÄ…Å‚ na fali,ktÃ³ra ukryci duopol i wyÅ‚oni nowÄ… klasÄ™ politycznÄ…, ktÃ³ra nie bÄ™dzie graÅ‚a na polaryzacjÄ™ spoÅ‚eczeÅ„stwa tak jak PO i PiS.",353,182,https://www.reddit.com/r/Polska/comments/1knw6up/adrian_zandberg_i_partia_razem_droga_do/
2025-05-16 10:04:35,__Zus__,Zandberg merch z wczorajszego wieca w warszawie,,601,111,https://www.reddit.com/r/Polska/comments/1knvgy1/zandberg_merch_z_wczorajszego_wieca_w_warszawie/
2025-05-15 23:33:17,ProblemY,GÅ‚upie/dziwne powody dla ktÃ³rych Wasz znajomy/czÅ‚onek rodziny zagÅ‚osuje lub nie na ktÃ³regoÅ› z kandydatÃ³w.,"Moja teÅ›ciowa mÃ³wi Å¼e Zandberg spoko chÅ‚op, dobrze gada i chyba najlepszy kandydat, ale nie zagÅ‚osuje na niego bo to lewak a jej dziadek byÅ‚ w AK i walczyÅ‚ na WoÅ‚yniu za PolskÄ™.",121,138,https://www.reddit.com/r/Polska/comments/1knk2a0/gÅ‚upiedziwne_powody_dla_ktÃ³rych_wasz/
2025-05-15 23:06:28,BaseSufficient215,Zandberg zwyciÄ™zcÄ… wyborÃ³w w liceum.,,663,161,https://www.reddit.com/r/Polska/comments/1knjf0d/zandberg_zwyciÄ™zcÄ…_wyborÃ³w_w_liceum/
2025-05-15 13:33:13,DeszczJesienny,KoÅ‚odziejczak uczy nas odwagi,,1122,49,https://www.reddit.com/r/Polska/comments/1kn5wcu/koÅ‚odziejczak_uczy_nas_odwagi/
2025-05-15 13:30:42,Molegion,"Dlaczego na /r/Polska mogÄ… wisieÄ‡ zmanipulowane nagÅ‚Ã³wki z mediÃ³w, ale usuwane sÄ… komentarze ktÃ³re je prostujÄ…?","CzeÅ›Ä‡. Wiem, Å¼e tego typu posty to trochÄ™ cringe, ale nie ukrywam, Å¼e jestem doÅ›Ä‡ mocno podirytowany. JakÄ…Å› godzinÄ™ temu na suba wjechaÅ‚ post z Radia Zet z rozmowy z Adrianem Zandbergiem. NagÅ‚Ã³wek to ""Adrian Zandberg uderza w rzÄ…d Donalda Tuska - ""Niczym siÄ™ nie rÃ³Å¼ni od rzÄ…dÃ³w PiS"". W komentarzach oburzenie. Oburzenie, ktÃ³re uznaÅ‚bym za sÅ‚uszne, gdyby takie sÅ‚owa faktycznie padÅ‚y. Ale nie zwykÅ‚em oburzaÄ‡ siÄ™ na nagÅ‚Ã³wki medialne, wiÄ™c postanowiÅ‚em wysÅ‚uchaÄ‡ caÅ‚ej wypowiedzi. Faktyczna wypowiedÅº brzmiaÅ‚a tak:

""Ludzie, ktÃ³rzy liczyli na to, Å¼e w spÃ³Å‚kach skarbu paÅ„stwa skoÅ„czy siÄ™ koryciarstwo, a przyjdÄ… uczciwe konkursy, i sÄ… wkurzeni na to, Å¼e wÅ‚adza Tuska z przystawkamiÂ *niczym siÄ™*Â ***tutaj***Â *nie rÃ³Å¼ni od tego co wczeÅ›niej wyprawiaÅ‚ PiS*, majÄ… prawo do tego, Å¼eby mieÄ‡ wybÃ³r - wybÃ³r inny niÅ¼ pomiÄ™dzy marnym rzÄ…dem i jego kandydatami a PiSem z KonfederacjÄ…""  
Czyli doÅ›Ä‡ konkretnie zdefiniowane kryterium, w ktÃ³rym ten znak rÃ³wnoÅ›ci postawiono. W komentarzach za to oburzenie, Å¼e przecieÅ¼ PiS niszczyÅ‚ przecieÅ¼ TrybunaÅ‚ Konstytucyjny, a Policja psikaÅ‚a gazem na protestach, czyli nic zwiÄ…zanego ze spÃ³Å‚kami skarbu paÅ„stwa.  
KurczÄ™, no niefajnie - ludzie siÄ™ denerwujÄ… o sÅ‚owa, ktÃ³re nie padÅ‚y. Nie lubiÄ™ takiej sytuacji, wiÄ™c odkopaÅ‚em moje doÅ›Ä‡ stare, bo 12 letnie konto, na ktÃ³rym od 5 lat nie postowaÅ‚em, ale swego czasu miaÅ‚em sporo karmy, wiÄ™c pozwoliÅ‚em sobie wejÅ›Ä‡ w polemikÄ™ z innymi komentujÄ…cymi i zwrÃ³ciÄ‡ uwagÄ™ na to, Å¼e obalajÄ… chochoÅ‚a, bo sÅ‚owa o ktÃ³re siÄ™ oburzajÄ… nie padÅ‚y.

JakieÅ¼ byÅ‚o moje zaskoczenie, kiedy dostaÅ‚em od AutoModa wiadomoÅ›Ä‡ o nastÄ™pujÄ…cej treÅ›ci:  
""TwÃ³j wÄ…tek/komentarz zostaÅ‚ usuniÄ™ty. Na podstawie decyzji spoÅ‚ecznoÅ›ci treÅ›ci publikowane w wÄ…tkach politycznych (z tagiem ""Polityka"") przed wyborami podlegajÄ… Å›cisÅ‚ym ograniczeniom. Kryteria te mogÄ… obejmowaÄ‡ m.in. wiek konta, stan karmy orazÂ CQS. NIE UDZIELAMY dokÅ‚adnych informacji na temat wymaganych progÃ³w. NIE PRZEWIDUJEMY wyjÄ…tkÃ³w od tej zasady. ZachÄ™camy do udzielania siÄ™ w wÄ…tkach apolitycznych. JeÅ›li chcesz siÄ™ odwoÅ‚aÄ‡ od tej decyzji, przeczytaj tÄ™ wiadomoÅ›Ä‡ jeszcze raz, poniewaÅ¼ odwoÅ‚ania od tej decyzji bÄ™dÄ… ignorowane.""

PowaÅ¼nie? Moje konto ma 12 lat, karmy moÅ¼e nie jakoÅ› wiele, ale kilka tysiÄ™cy ma, bo byÅ‚em swego czasu aktywny na rÃ³Å¼nych forach. Nigdy nie zÅ‚amaÅ‚em regulaminu platformy, nie widzÄ™ powodu dla ktÃ³rego miaÅ‚bym mieÄ‡ niski CQS. I jeszcze ta bezczelna koÅ„cÃ³wka ""OdwoÅ‚ania od tej decyzji bÄ™dÄ… ignorowane"". No to okej, nie ma odwoÅ‚ania, jest publiczny wÄ…tek dyskusyjny o czymÅ›, co moim zdaniem jest chamskÄ… cenzurÄ….

LubiÄ™ tego subreddita, uwaÅ¼am, Å¼e czasami moÅ¼na tu poprowadziÄ‡ ciekawÄ… dyskusjÄ™. NagÅ‚Ã³wki medialne i umiejÄ™tnosÄ‡ obsÅ‚ugi mediÃ³w ogÃ³Å‚em jest doÅ›Ä‡ waÅ¼nym tematem wspÃ³Å‚czesnego Å›wiata. Dlaczego zasada 10 nie jest przestrzegana, to znaczy pozwala siÄ™ na udostepnienie sensacyjnie brzmiacego nagÅ‚Ã³wka, a jednoczeÅ›nie komentarze starego uÅ¼ytkownika reddita, ktÃ³ry prÃ³buje sprostowaÄ‡ dyskusjÄ™ ktÃ³re poszÅ‚a w zdecydowanie zÅ‚ym kierunku, sÄ… usuwane? Dlaczego odwoÅ‚ania miaÅ‚yby byÄ‡ ignorowane, nawet kiedy sÄ… zdecydowanie zasadne? Czy zasady usuwania postÃ³w przez automoda aby na pewno sÄ… dobrze skonfigurowane? Dlaczego nie sÄ… publiczne?

Co o tym sÄ…dzicie?

EDIT: Å»eby byÅ‚o trochÄ™ zabawniej moderacja (myÅ›lÄ™, Å¼e sÅ‚usznie) zmieniÅ‚a tag posta na ""Polityka"", ale wiÄ…Å¼e siÄ™ to z tym, Å¼e nie widaÄ‡ moich komentarzy w tym wÄ…tku i za kaÅ¼dym razem gdy prÃ³bujÄ™ jakiÅ› dodaÄ‡ dostajÄ™ tÄ™ samÄ… wiadomoÅ›Ä‡ od AutoModa co wyÅ¼ej :D Nie mam pretensji, ale myÅ›lÄ™, Å¼e warto dyskutowaÄ‡ nad tym jak moÅ¼na by ten system usprawniÄ‡.",313,49,https://www.reddit.com/r/Polska/comments/1kn5uqi/dlaczego_na_rpolska_mogÄ…_wisieÄ‡_zmanipulowane/
2025-05-15 12:10:36,Nizarlak,"Adrian Zandberg uderza w rzÄ…d Donalda Tuska - ""Niczym nie rÃ³Å¼ni siÄ™ od rzÄ…dÃ³w PiS""",,89,268,https://www.reddit.com/r/Polska/comments/1kn4km2/adrian_zandberg_uderza_w_rzÄ…d_donalda_tuska/
2025-05-15 11:08:47,DeszczJesienny,Co w sprawach mÄ™Å¼czyzn oferuje Zandberg?,,737,292,https://www.reddit.com/r/Polska/comments/1kn3oep/co_w_sprawach_mÄ™Å¼czyzn_oferuje_zandberg/
2025-05-14 18:04:01,Void-Cooking_Berserk,Zandberg vs Biejat,"W ten sposÃ³b dowiedziaÅ‚em siÄ™, skÄ…d wziÄ…Å‚ siÄ™ rozÅ‚am NL/Razem po wyborach. 

",59,101,https://www.reddit.com/r/Polska/comments/1kmiyqw/zandberg_vs_biejat/
2025-05-13 07:07:21,greencolorlessdreams,"Jak 'Stowarzyszenie na rzecz chÅ‚opcÃ³w i mÄ™Å¼czyzn"" ocenia niektÃ³rych kandydatÃ³w pod kÄ…tem spraw waÅ¼nych dla mÄ™Å¼czyzn","[Magdalena Biejat â€“ przeglÄ…d postulatÃ³w w sprawach chÅ‚opcÃ³w i mÄ™Å¼czyzn Â» Stowarzyszenie na rzecz ChÅ‚opcÃ³w i MÄ™Å¼czyzn](https://schm.org.pl/blog/magdalena-biejat-przeglad-postulatow-w-sprawach-chlopcow-i-mezczyzn/)

[SÅ‚awomir Mentzen â€“ przeglÄ…d postulatÃ³w w sprawach chÅ‚opcÃ³w i mÄ™Å¼czyzn Â» Stowarzyszenie na rzecz ChÅ‚opcÃ³w i MÄ™Å¼czyzn](https://schm.org.pl/blog/slawomir-mentzen-przeglad-postulatow-w-sprawach-chlopcow-i-mezczyzn/)

[Szymon HoÅ‚ownia â€“ przeglÄ…d postulatÃ³w w sprawach chÅ‚opcÃ³w i mÄ™Å¼czyzn Â» Stowarzyszenie na rzecz ChÅ‚opcÃ³w i MÄ™Å¼czyzn](https://schm.org.pl/blog/szymon-holownia-przeglad-postulatow-w-sprawach-chlopcow-i-mezczyzn/)",369,111,https://www.reddit.com/r/Polska/comments/1kldt1l/jak_stowarzyszenie_na_rzecz_chÅ‚opcÃ³w_i_mÄ™Å¼czyzn/
2025-05-12 21:39:06,abcight,SkÄ…d niechÄ™Ä‡ r/Polska do Magdaleny Biejat?,"PrzeglÄ…dajÄ…c ten sub, czÄ™sto widujÄ™ pochwaÅ‚y wobec Adriana Zandberga, podczas gdy jego programowa bliÅºniaczka, Magdalena Biejat, spotyka siÄ™ z chÅ‚odnym przyjÄ™ciem. A przecieÅ¼ prezentujÄ… prawie identyczne poglÄ…dy spoÅ‚eczne, gospodarcze, Å›wiatopoglÄ…dowe.

Z tego co rozumiem, zarzuca siÄ™ jej zdradÄ™ ideaÅ‚Ã³w po tym, jak opuÅ›ciÅ‚a partiÄ™ Razem i zaangaÅ¼owaÅ‚a siÄ™ w dziaÅ‚alnoÅ›Ä‡ z NL. Ma to rzekomo Å›wiadczyÄ‡ o jej oportunizmie. Tyle, Å¼e przynajmniej z mojej perspektywy, to uproszczenie. Jej decyzja wydaje siÄ™ sensowna: zamiast trwaÄ‡ w opozycji, wybraÅ‚a moÅ¼liwoÅ›Ä‡ prowadzenia polityki w ramach koalicji. Ma realny wpÅ‚yw na stanowienie prawa, nie rezygnuje przy tym z wÅ‚asnych przekonaÅ„, co wielokrotnie zaznacza, krytykujÄ…c Tuska i KO.

Czy rÃ³Å¼nica miÄ™dzy nimi naprawdÄ™ wynika z poglÄ…dÃ³w? Czy tylko z obranej strategii, praktykalnoÅ›ci vs czystej retoryki? Biejat wybraÅ‚a drogÄ™ kompromisu, a Zandberg, retorykÄ™ trybuny, budujÄ…c wiarygodnoÅ›Ä‡ na niechÄ™ci do ustÄ™pstw. Oba podejÅ›cia majÄ… swoje zalety, ale to nie znaczy, Å¼e jedno z nich jest moralnie wyÅ¼sze.

Dlatego uwaÅ¼am, Å¼e sprowadzanie Biejat do takiej stoÅ‚kowej karierowiczki jest nieuczciwe. JeÅ›li mÃ³wimy o kosztach udziaÅ‚u w polityce, to to wÅ‚aÅ›nie ona bierze odpowiedzialnoÅ›Ä‡ za wspÃ³Å‚rzÄ…dzenie, a Zandberg - choÄ‡ mÃ³wi sÅ‚usznie i zgrabnie - pozostaje w komfortowej pozycji komentatora, nie ponoszÄ…c skutkÃ³w politycznych decyzji, a pobierajÄ…c uposaÅ¼enie poselskie.",256,265,https://www.reddit.com/r/Polska/comments/1kl1tcq/skÄ…d_niechÄ™Ä‡_rpolska_do_magdaleny_biejat/
2025-05-11 19:27:23,Biszkopt87565,W wyborach prezydenckich bierze udziaÅ‚ czterech posÅ‚Ã³w. KtÃ³ry z nich opuÅ›ciÅ‚ najwiÄ™cej sejmowych gÅ‚osowaÅ„?,,1115,111,https://www.reddit.com/r/Polska/comments/1kk6c2n/w_wyborach_prezydenckich_bierze_udziaÅ‚_czterech/
2025-05-11 09:48:26,RybaCentralna,Wykres zmiany poparcia przez caÅ‚Ä… kampaniÄ™ wyborczÄ… na r/polska,"Tu ostatnie badanie(w nim znajdujÄ… siÄ™ wszystkie istotniejsze linki i dane); 

https://www.reddit.com/r/Polska/s/pNCHDYvbQe",282,82,https://www.reddit.com/r/Polska/comments/1kjvnrt/wykres_zmiany_poparcia_przez_caÅ‚Ä…_kampaniÄ™/
2025-05-10 15:39:51,polishfemboy_,Poparcie faszyzmu leci w dÃ³Å‚ :D,,397,172,https://www.reddit.com/r/Polska/comments/1kjajfi/poparcie_faszyzmu_leci_w_dÃ³Å‚_d/
2025-05-10 00:05:37,LordLorq,Panie Januszu TAAAK!,,1729,81,https://www.reddit.com/r/Polska/comments/1kiuo7f/panie_januszu_taaak/
2025-05-08 17:11:48,Biszkopt87565,Najnowszy sondaÅ¼ Pollsterâ€™a dla Super Expressu,,268,80,https://www.reddit.com/r/Polska/comments/1khsj4c/najnowszy_sondaÅ¼_pollstera_dla_super_expressu/
2025-05-07 18:35:34,Podchop,"Pierwszy sondaÅ¼ prezydencki wykonany po ""Aferze mieszkaniowej""",,139,89,https://www.reddit.com/r/Polska/comments/1kh1vd9/pierwszy_sondaÅ¼_prezydencki_wykonany_po_aferze/
