Data,Użytkownik,Tytuł,Treść,Punkty,Komentarze,Link
2025-05-30 20:48:28,nightblackdragon,Sondaż dla Radia Wnet: frekwencja rozstrzygnie wynik wyborów,,6,10,https://www.reddit.com/r/Polska/comments/1kzc56d/sondaż_dla_radia_wnet_frekwencja_rozstrzygnie/
2025-05-30 07:06:58,fiodor85,Najnowszy sondaż OGB - Nawrocki prezydentem,"Ogb najtrafniej z wszystkich sondazowni przewidziało wyniki pierwszej tury. Cześć, giniemy. ",256,260,https://www.reddit.com/r/Polska/comments/1kyw0gd/najnowszy_sondaż_ogb_nawrocki_prezydentem/
2025-05-29 20:44:27,TechnicalyNotRobot,Nowy sondaż do Sejmu. Opinie?,,69,77,https://www.reddit.com/r/Polska/comments/1kyiof7/nowy_sondaż_do_sejmu_opinie/
2025-05-29 11:24:21,topcodemangler,Wybory prezydenckie. Sondaż partyjny. Nowy układ sił w Sejmie,,11,8,https://www.reddit.com/r/Polska/comments/1ky6dhz/wybory_prezydenckie_sondaż_partyjny_nowy_układ/
2025-05-29 00:49:37,Zealousideal_Life206,Czy jest ktoś kto głosował 15.10.2023 na opozycję a teraz nie głosuje na Trzaskowskiego? Zapomnieliście o PiS?,"Przypomniał mi się mój post sprzed dwóch lat. Tutaj cytuję.

""Nie będzie owijania w bawełnę. Sondaże są na styku.

Albo będziemy mieć kontynuację miernych rządów PiS reprezentujących jedynie jedną trzecią głosujących albo szansę na zmianę przy koalicyjnym rządzie opozycyjnych partii demokratycznej.

Nie wyobrażam sobie nie iść na wybory. Nie wierzę, że ludzi tolerujących rząd PiS i ufających mu jest na tyle dużo żeby przegłosowali oni opozycję. Nie chcę słyszeć żadnych nieprawdziwych PIS, PO = jedno zło, ""mnie to nie dotyczy"", ""mój głos się nie liczy"" czy innych ""wolę nie wybierać wcale"".

PiS to definicja narzucania swojego poglądu, zawłaszczania mediów i sądów, propagandy oraz bezczelności. Jest popierana przez jedynie jeden profil wyborcy, a nie cały przekrój społeczeństwa.

Opozycja jest lepszym wyborem. Nie perfekcyjnym, ale lepszym.""

Nie chcę ""straszyć PiSem"" no ale serio PiS był straszny i może powrócić w formie prezydenta ze szkodą dla działania państwa a potem w koalicji z Konfederacją w 2027. Po 2023 zrobiło się ciut lepiej a z prezydentem Trzaskowskim może być jeszcze bardziej ciut lepiej. 

Dlaczego z 54% głosów na opozycję nagle zrobiło się jedynie \~50% na Trzaskowskiego. 

Serio, głosujcie i namawiajcie znajomych do głosowania. ",237,198,https://www.reddit.com/r/Polska/comments/1kxv172/czy_jest_ktoś_kto_głosował_15102023_na_opozycję_a/
2025-05-26 15:33:11,iceasteroid,Sondaż OGB,,0,36,https://www.reddit.com/r/Polska/comments/1kvugxf/sondaż_ogb/
2025-05-26 10:39:55,Lemur_of_Culture,Dzisiejszy sondaż IBRiS,"Po cyklu debat z zeszłego tygodnia następuje zmiana w predykcjach wyborów - Trzaskowski 45,7%, Nawrocki 44,9%. Wygląda na to że piwo z Mentzenem faktycznie przyniosło efekt

https://wiadomosci.onet.pl/wybory/wybory-prezydenckie/nowy-sondaz-prezydencki-na-ostatniej-prostej-kandydaci-ida-leb-w-leb/vkghm00

EDIT: Różnica jest marginalna, bo 0,8%. Znaczy to tyle, że na ostatniej prostej nie można odpuścić - rozmawiajcie z bliskimi, wypychajcie znajomych na wybory. Prawdopodobnie kilkanaście tysięcy głosów przesądzi o przyszłości Polski jako Państwa europejskiego lub zacofanego",242,112,https://www.reddit.com/r/Polska/comments/1kvphch/dzisiejszy_sondaż_ibris/
2025-05-24 19:41:11,Eryk0201,Nowy sondaż. Tak debaty wpłynęły na decyzje wyborców,,2,3,https://www.reddit.com/r/Polska/comments/1kuhbc5/nowy_sondaż_tak_debaty_wpłynęły_na_decyzje/
2025-05-22 19:46:47,iceasteroid,Sondaż Opinia24 dla TVN24,,278,92,https://www.reddit.com/r/Polska/comments/1ksx1wb/sondaż_opinia24_dla_tvn24/
2025-05-22 19:13:57,LordLorq,Sondaż przed II turą. Jak zagłosują wyborcy Zandberga i Mentzena?,,42,104,https://www.reddit.com/r/Polska/comments/1ksw8bh/sondaż_przed_ii_turą_jak_zagłosują_wyborcy/
2025-05-14 19:22:19,Mront,"Sondaż preferencji partyjnych CBOS (12-13.05, N=897): KO - 29%, PiS - 28%, Konfederacja - 16%, Lewica - 6%, Razem - 6%, Trzecia Droga - 5%, inni - 2%, trudno powiedzieć - 7%",,66,55,https://www.reddit.com/r/Polska/comments/1kmkyf5/sondaż_preferencji_partyjnych_cbos_121305_n897_ko/
2025-05-09 11:50:02,fiodor85,Najnowszy sondaż. Nawrocki wygrywa zarówno w pierwszej jak i drugiej turze. Ale o włos.,Robi się emocjonująco.,0,23,https://www.reddit.com/r/Polska/comments/1kiels6/najnowszy_sondaż_nawrocki_wygrywa_zarówno_w/
2025-05-08 17:11:48,Biszkopt87565,Najnowszy sondaż Pollster’a dla Super Expressu,,269,80,https://www.reddit.com/r/Polska/comments/1khsj4c/najnowszy_sondaż_pollstera_dla_super_expressu/
2025-05-07 18:35:34,Podchop,"Pierwszy sondaż prezydencki wykonany po ""Aferze mieszkaniowej""",,139,89,https://www.reddit.com/r/Polska/comments/1kh1vd9/pierwszy_sondaż_prezydencki_wykonany_po_aferze/
